{
	"height" : 480,
	"intrinsic_matrix" : 
	[
		383.35101318359375,
		0.0,
		0.0,
		0.0,
		383.35101318359375,
		0.0,
		318.03146362304688,
		241.37405395507812,
		1.0
	],
	"width" : 640
}