{
	"height" : 480,
	"intrinsic_matrix" : 
	[
		424.86087036132812,
		0.0,
		0.0,
		0.0,
		424.86087036132812,
		0.0,
		421.81829833984375,
		241.52284240722656,
		1.0
	],
	"width" : 848
}